<?xml version="1.0" encoding="UTF-8"?>
<EngineeringData version="22.2.0.210" versiondate="5/16/2022 3:25:00 PM">
  <Notes>
  </Notes>
  <Materials>
    <MatML_Doc>
      <Material>
        <Glossary>
          <Term>
            <Name>Graphite</Name>
            <Synonym>graphite</Synonym>
          </Term>
        </Glossary>
        <BulkDetails>
          <Name>Graphite</Name>
          <Class>
            <Name>Metal</Name>
          </Class>
          <PropertyData property="pr0">
            <Data format="string">-</Data>
            <Qualifier name="Behavior">Isotropic</Qualifier>
            <Qualifier name="Field Variable Compatible">Temperature</Qualifier>
            <ParameterValue parameter="pa0" format="string">
              <Data>Interpolation Options</Data>
              <Qualifier name="AlgorithmType">Linear Multivariate (Qhull)</Qualifier>
              <Qualifier name="Normalized">True</Qualifier>
              <Qualifier name="Cached">True</Qualifier>
              <Qualifier name="ExtrapolationType">Projection to the Bounding Box</Qualifier>
            </ParameterValue>
            <ParameterValue parameter="pa1" format="float">
              <Data>24</Data>
              <Qualifier name="Variable Type">Dependent</Qualifier>
              <Qualifier name="Offset">0 [W m^-1 C^-1]</Qualifier>
              <Qualifier name="Scale">1</Qualifier>
              <Qualifier name="Units">W m^-1 C^-1</Qualifier>
            </ParameterValue>
            <ParameterValue parameter="pa2" format="float">
              <Data>7.88860905221012e-31</Data>
              <Qualifier name="Variable Type">Independent</Qualifier>
              <Qualifier name="Offset">0 [C]</Qualifier>
              <Qualifier name="Scale">1</Qualifier>
              <Qualifier name="Units">C</Qualifier>
              <Qualifier name="Field Variable">Temperature</Qualifier>
              <Qualifier name="Default Data">22</Qualifier>
              <Qualifier name="Field Units">C</Qualifier>
              <Qualifier name="Upper Limit">Program Controlled</Qualifier>
              <Qualifier name="Lower Limit">Program Controlled</Qualifier>
            </ParameterValue>
          </PropertyData>
          <PropertyData property="pr1">
            <Data format="string">-</Data>
            <Qualifier name="Field Variable Compatible">Temperature</Qualifier>
            <ParameterValue parameter="pa0" format="string">
              <Data>Interpolation Options</Data>
              <Qualifier name="AlgorithmType">Linear Multivariate (Qhull)</Qualifier>
              <Qualifier name="Normalized">True</Qualifier>
              <Qualifier name="Cached">True</Qualifier>
              <Qualifier name="ExtrapolationType">Projection to the Bounding Box</Qualifier>
            </ParameterValue>
            <ParameterValue parameter="pa3" format="float">
              <Data>2250</Data>
              <Qualifier name="Variable Type">Dependent</Qualifier>
              <Qualifier name="Offset">0 [kg m^-3]</Qualifier>
              <Qualifier name="Scale">1</Qualifier>
              <Qualifier name="Units">kg m^-3</Qualifier>
            </ParameterValue>
            <ParameterValue parameter="pa2" format="float">
              <Data>7.88860905221012e-31</Data>
              <Qualifier name="Variable Type">Independent</Qualifier>
              <Qualifier name="Offset">0 [C]</Qualifier>
              <Qualifier name="Scale">1</Qualifier>
              <Qualifier name="Units">C</Qualifier>
              <Qualifier name="Field Variable">Temperature</Qualifier>
              <Qualifier name="Default Data">22</Qualifier>
              <Qualifier name="Field Units">C</Qualifier>
              <Qualifier name="Upper Limit">Program Controlled</Qualifier>
              <Qualifier name="Lower Limit">Program Controlled</Qualifier>
            </ParameterValue>
          </PropertyData>
          <PropertyData property="pr2">
            <Data format="string">-</Data>
            <Qualifier name="Definition">Constant Pressure</Qualifier>
            <Qualifier name="Field Variable Compatible">Temperature</Qualifier>
            <Qualifier name="Symbol">Cᵨ</Qualifier>
            <ParameterValue parameter="pa0" format="string">
              <Data>Interpolation Options</Data>
              <Qualifier name="AlgorithmType">Linear Multivariate (Qhull)</Qualifier>
              <Qualifier name="Normalized">True</Qualifier>
              <Qualifier name="Cached">True</Qualifier>
              <Qualifier name="ExtrapolationType">Projection to the Bounding Box</Qualifier>
            </ParameterValue>
            <ParameterValue parameter="pa4" format="float">
              <Data>709</Data>
              <Qualifier name="Variable Type">Dependent</Qualifier>
              <Qualifier name="Offset">0 [J kg^-1 C^-1]</Qualifier>
              <Qualifier name="Scale">1</Qualifier>
              <Qualifier name="Units">J kg^-1 C^-1</Qualifier>
            </ParameterValue>
            <ParameterValue parameter="pa2" format="float">
              <Data>7.88860905221012e-31</Data>
              <Qualifier name="Variable Type">Independent</Qualifier>
              <Qualifier name="Offset">0 [C]</Qualifier>
              <Qualifier name="Scale">1</Qualifier>
              <Qualifier name="Units">C</Qualifier>
              <Qualifier name="Field Variable">Temperature</Qualifier>
              <Qualifier name="Default Data">22</Qualifier>
              <Qualifier name="Field Units">C</Qualifier>
              <Qualifier name="Upper Limit">Program Controlled</Qualifier>
              <Qualifier name="Lower Limit">Program Controlled</Qualifier>
            </ParameterValue>
          </PropertyData>
          <PropertyData property="pr3">
            <Data format="string">-</Data>
            <Qualifier name="guid">fc7c25b1-afc8-49e8-8abf-1456f335d884</Qualifier>
            <Qualifier name="Display">False</Qualifier>
          </PropertyData>
          <PropertyData property="pr4">
            <Data format="string">-</Data>
            <ParameterValue parameter="pa5" format="float">
              <Data>109</Data>
              <Qualifier name="Variable Type">Dependent</Qualifier>
              <Qualifier name="Offset">0</Qualifier>
              <Qualifier name="Scale">1</Qualifier>
              <Qualifier name="Units">
              </Qualifier>
            </ParameterValue>
            <ParameterValue parameter="pa6" format="float">
              <Data>157</Data>
              <Qualifier name="Variable Type">Dependent</Qualifier>
              <Qualifier name="Offset">0</Qualifier>
              <Qualifier name="Scale">1</Qualifier>
              <Qualifier name="Units">
              </Qualifier>
            </ParameterValue>
            <ParameterValue parameter="pa7" format="float">
              <Data>209</Data>
              <Qualifier name="Variable Type">Dependent</Qualifier>
              <Qualifier name="Offset">0</Qualifier>
              <Qualifier name="Scale">1</Qualifier>
              <Qualifier name="Units">
              </Qualifier>
            </ParameterValue>
            <ParameterValue parameter="pa8" format="string">
              <Data>Appearance</Data>
            </ParameterValue>
          </PropertyData>
        </BulkDetails>
      </Material>
      <Metadata>
        <ParameterDetails id="pa0">
          <Name>Options Variable</Name>
        </ParameterDetails>
        <ParameterDetails id="pa1">
          <Name>Thermal Conductivity</Name>
          <Units name="Thermal Conductivity" />
        </ParameterDetails>
        <ParameterDetails id="pa2">
          <Name>Temperature</Name>
          <Units name="Temperature" />
        </ParameterDetails>
        <ParameterDetails id="pa3">
          <Name>Density</Name>
          <Units name="Density" />
        </ParameterDetails>
        <ParameterDetails id="pa4">
          <Name>Specific Heat</Name>
          <Units name="Specific Heat Capacity" />
        </ParameterDetails>
        <ParameterDetails id="pa5">
          <Name>Red</Name>
        </ParameterDetails>
        <ParameterDetails id="pa6">
          <Name>Green</Name>
        </ParameterDetails>
        <ParameterDetails id="pa7">
          <Name>Blue</Name>
        </ParameterDetails>
        <ParameterDetails id="pa8">
          <Name>Material Property</Name>
        </ParameterDetails>
        <PropertyDetails id="pr0">
          <Name>Thermal Conductivity</Name>
        </PropertyDetails>
        <PropertyDetails id="pr1">
          <Name>Density</Name>
        </PropertyDetails>
        <PropertyDetails id="pr2">
          <Name>Specific Heat</Name>
        </PropertyDetails>
        <PropertyDetails id="pr3">
          <Name>Material Unique Id</Name>
        </PropertyDetails>
        <PropertyDetails id="pr4">
          <Name>Color</Name>
        </PropertyDetails>
      </Metadata>
    </MatML_Doc>
  </Materials>
  <ANSYSWBTransferData>
    <Materials>
      <Material>
        <Name>Graphite</Name>
        <DataTransferID>c5e8804e-3731-428c-a1cf-611bfe3b73f9</DataTransferID>
        <PreviousTransferIDs>
        </PreviousTransferIDs>
      </Material>
    </Materials>
  </ANSYSWBTransferData>
</EngineeringData>